<?xml version="1.0" encoding="ISO-8859-1" ?>
<toc topic="contents/00-Main.html" label="Lunifera 'Runtime-Web' User Guide" >
	<topic href="contents/01-Introduction.html#Overview" label="Overview" >
		<topic href="contents/01-Introduction.html#_Content" label="Content" >
			<topic href="contents/01-Introduction.html#_JettyService" label="Jetty Services" >
			</topic>
			<topic href="contents/01-Introduction.html#_HttpApplication" label="Http Applications" >
			</topic>
			<topic href="contents/01-Introduction.html#_VaadinApplication" label="Vaadin Applications" >
			</topic>
		</topic>
	</topic>
	<topic href="contents/03-Jetty-Service.html#JettyService" label="IJetty-Service" >
		<topic href="contents/03-Jetty-Service.html#_Overview" label="Overview" >
			<topic href="contents/03-Jetty-Service.html#_Overview_4" label="Intro example" >
			</topic>
		</topic>
		<topic href="contents/03-Jetty-Service.html#_Properties" label="Properties" >
		</topic>
		<topic href="contents/03-Jetty-Service.html#_CodeSamples" label="Code sampels" >
			<topic href="contents/03-Jetty-Service.html#_CodeSamples_1" label="Create new Server-Instance" >
			</topic>
			<topic href="contents/03-Jetty-Service.html#_CodeSamples_2" label="Update existing Server-Instance" >
			</topic>
			<topic href="contents/03-Jetty-Service.html#_CodeSamples_3" label="Delete existing Server-Instance" >
			</topic>
		</topic>
		<topic href="contents/03-Jetty-Service.html#_consoleCommands" label="Console commands" >
		</topic>
		<topic href="contents/03-Jetty-Service.html#_Query" label="Query jetty services" >
			<topic href="contents/03-Jetty-Service.html#_Query_3" label="Find pid by Port" >
			</topic>
			<topic href="contents/03-Jetty-Service.html#_Query_4" label="Find pid by Name" >
			</topic>
		</topic>
		<topic href="contents/03-Jetty-Service.html#_startStop" label="Start and stop jetty services" >
		</topic>
	</topic>
	<topic href="contents/04-Http-Application.html#HttpApplication" label="Http Application" >
		<topic href="contents/04-Http-Application.html#HttpApplication_3" label="Test" >
		</topic>
	</topic>
	<topic href="contents/05-Vaadin-Application.html#VaadinApplication" label="Vaadin Application" >
		<topic href="contents/05-Vaadin-Application.html#VaadinApplication_3" label="Test" >
		</topic>
	</topic>
</toc>
